ground truth; time
1; 609
0; 594
0; 666
0; 641
0; 534
0; 673
1; 548
1; 539
2; 535
0; 543
2; 592
1; 590
1; 591
1; 592
2; 532
0; 484
0; 491
5; 545
1; 588
0; 545
3; 597
1; 546
0; 483
0; 537
3; 553
4; 538
1; 534
0; 541
0; 498
0; 540
1; 593
1; 613
2; 752
0; 670
1; 567
2; 541
2; 596
2; 598
1; 595
2; 599
1; 689
0; 668
0; 676
0; 653
2; 754
0; 654
1; 729
1; 654
2; 548
1; 602
0; 664
0; 649
3; 740
0; 663
3; 565
1; 734
2; 550
3; 594
0; 526
0; 552
1; 537
2; 616
0; 506
2; 639
2; 624
2; 635
1; 726
3; 732
0; 669
0; 542
1; 726
1; 727
1; 516
2; 516
0; 465
0; 464
4; 521
1; 513
1; 529
3; 519
0; 465
0; 464
1; 513
0; 464
2; 517
0; 465
1; 513
1; 513
1; 513
1; 512
1; 513
1; 512
2; 517
2; 517
0; 464
1; 513
2; 516
3; 520
0; 464
1; 513
0; 464
0; 488
1; 596
3; 595
1; 597
0; 538
2; 594
2; 595
1; 735
1; 726
1; 727
0; 497
0; 539
1; 598
0; 539
0; 536
1; 596
1; 612
1; 596
3; 604
0; 541
2; 596
3; 596
1; 598
2; 598
1; 594
1; 804
2; 732
0; 494
2; 634
0; 564
0; 567
1; 625
3; 632
0; 556
0; 557
3; 577
3; 623
0; 579
3; 627
0; 503
0; 507
1; 620
0; 542
0; 575
1; 615
1; 635
1; 640
1; 629
0; 578
2; 616
1; 640
3; 609
0; 550
0; 495
2; 543
0; 488
1; 538
1; 534
2; 535
0; 670
4; 541
1; 563
2; 598
2; 673
2; 823
0; 675
2; 735
0; 675
3; 535
2; 544
0; 623
1; 654
0; 634
2; 539
2; 709
1; 727
2; 730
2; 732
1; 512
1; 512
1; 515
0; 464
0; 465
1; 514
5; 521
0; 465
0; 464
0; 465
1; 513
1; 514
1; 513
1; 514
0; 465
1; 515
3; 519
0; 464
1; 513
2; 518
2; 517
3; 518
0; 464
2; 516
0; 465
0; 466
1; 513
0; 464
0; 464
2; 516
1; 512
0; 465
3; 521
1; 513
2; 518
0; 465
1; 513
1; 514
1; 512
1; 513
5; 521
1; 513
2; 517
0; 465
0; 464
1; 572
1; 735
0; 531
2; 728
2; 517
2; 519
3; 518
1; 513
1; 513
2; 516
1; 513
0; 464
3; 519
0; 465
1; 515
0; 464
1; 513
1; 513
1; 513
1; 512
1; 512
0; 464
1; 513
0; 465
1; 516
1; 726
1; 727
2; 694
0; 466
0; 466
1; 632
0; 553
0; 580
1; 603
1; 634
0; 603
0; 670
0; 517
0; 658
2; 739
1; 625
1; 540
3; 575
0; 534
1; 629
2; 608
2; 622
2; 630
0; 553
0; 672
0; 666
2; 729
0; 485
0; 523
0; 614
2; 644
0; 560
0; 678
2; 734
0; 674
1; 719
0; 465
1; 512
0; 467
2; 520
1; 535
0; 465
1; 514
1; 514
0; 464
0; 465
0; 465
0; 672
0; 485
0; 488
1; 602
3; 598
2; 599
0; 516
2; 542
0; 539
0; 540
0; 497
1; 600
1; 612
3; 549
0; 486
1; 591
0; 539
0; 481
0; 487
3; 564
1; 532
0; 537
1; 590
2; 535
1; 533
2; 590
0; 534
1; 535
0; 536
1; 533
1; 616
2; 728
3; 726
1; 725
1; 544
0; 489
1; 614
0; 581
0; 525
0; 558
2; 633
1; 624
2; 598
0; 483
1; 580
0; 561
2; 542
1; 536
0; 527
1; 534
1; 669
0; 504
0; 514
1; 720
0; 618
1; 646
1; 682
1; 689
0; 623
0; 619
0; 659
2; 694
1; 721
3; 704
2; 542
0; 670
2; 730
0; 650
2; 586
0; 484
1; 533
1; 533
0; 540
0; 536
1; 551
0; 483
0; 520
2; 592
3; 569
0; 537
2; 595
1; 594
0; 547
1; 532
3; 598
0; 538
1; 592
0; 537
0; 538
0; 537
2; 595
3; 592
0; 486
1; 584
1; 591
0; 487
0; 537
1; 579
3; 537
1; 627
2; 717
1; 707
2; 720
0; 642
2; 705
0; 669
0; 626
1; 660
1; 669
2; 705
1; 722
0; 682
0; 671
2; 538
1; 703
2; 599
2; 580
2; 566
3; 634
1; 613
0; 550
3; 586
0; 509
2; 550
2; 661
1; 727
0; 666
2; 549
1; 737
1; 733
2; 747
1; 569
0; 465
1; 513
1; 513
1; 513
0; 463
0; 466
2; 517
1; 513
1; 545
3; 817
3; 716
0; 667
1; 534
0; 481
2; 534
4; 534
0; 535
0; 534
1; 590
1; 561
1; 551
0; 536
1; 537
2; 536
2; 548
1; 592
0; 537
4; 544
0; 537
2; 559
0; 482
0; 485
2; 593
0; 540
1; 595
1; 592
0; 542
3; 599
1; 594
1; 629
2; 562
1; 619
0; 563
0; 546
2; 632
1; 627
0; 581
0; 561
0; 528
2; 601
1; 577
0; 526
3; 648
1; 573
1; 611
1; 650
2; 634
0; 563
0; 506
0; 558
0; 553
0; 570
4; 681
0; 573
1; 635
0; 560
1; 598
1; 597
2; 646
0; 577
1; 628
0; 579
1; 738
0; 653
0; 666
3; 738
1; 536
0; 665
2; 729
2; 738
1; 515
1; 513
1; 513
4; 522
0; 466
2; 516
0; 465
1; 514
3; 519
1; 537
0; 591
3; 625
1; 599
4; 659
3; 627
3; 632
0; 553
0; 721
2; 730
1; 729
1; 732
1; 513
0; 465
2; 518
1; 514
3; 519
0; 466
3; 518
1; 514
1; 513
2; 517
1; 513
2; 519
0; 497
0; 499
1; 554
0; 524
0; 553
0; 743
1; 735
0; 553
4; 748
0; 499
2; 745
1; 731
2; 742
2; 591
2; 665
0; 676
3; 550
2; 547
1; 557
0; 508
1; 548
2; 558
2; 562
1; 563
2; 572
1; 611
2; 636
3; 750
0; 671
0; 673
2; 519
1; 513
2; 517
1; 513
0; 464
0; 465
2; 519
2; 729
1; 727
2; 718
1; 521
0; 465
0; 466
1; 513
0; 464
0; 465
4; 523
1; 514
3; 519
0; 465
1; 513
3; 519
1; 513
1; 513
0; 465
2; 518
2; 517
1; 515
1; 513
1; 514
2; 516
2; 518
1; 513
1; 514
1; 513
1; 513
0; 465
0; 544
1; 598
2; 608
0; 541
2; 597
3; 561
4; 684
2; 716
0; 655
2; 727
1; 737
1; 685
3; 654
0; 624
2; 701
1; 695
3; 756
1; 739
0; 652
1; 721
0; 586
0; 627
2; 723
1; 686
0; 661
0; 616
1; 699
0; 659
0; 666
1; 695
1; 681
0; 499
0; 564
2; 616
1; 648
0; 647
0; 666
2; 729
2; 589
0; 578
0; 621
1; 668
3; 683
0; 520
1; 581
0; 589
1; 717
0; 668
2; 730
0; 466
2; 516
1; 514
0; 483
0; 485
1; 597
3; 538
1; 540
2; 594
0; 542
1; 543
0; 485
2; 731
0; 667
0; 667
0; 667
0; 465
4; 755
1; 731
1; 744
1; 514
0; 465
0; 464
2; 516
0; 463
1; 514
0; 466
0; 464
0; 466
2; 664
2; 623
0; 593
1; 644
0; 741
3; 736
1; 726
0; 569
1; 514
1; 513
1; 513
2; 517
0; 465
0; 464
0; 465
1; 513
0; 465
1; 513
1; 513
2; 520
1; 513
0; 466
0; 466
2; 589
1; 643
2; 634
1; 637
0; 569
0; 593
2; 597
1; 641
1; 567
1; 629
2; 624
1; 633
0; 568
1; 632
0; 578
1; 619
1; 738
1; 729
1; 732
1; 515
0; 465
1; 513
2; 519
1; 513
0; 465
0; 464
0; 464
1; 514
0; 464
1; 513
3; 517
0; 465
0; 464
2; 517
1; 513
1; 513
0; 464
0; 465
0; 466
3; 519
0; 468
2; 516
2; 517
1; 514
2; 518
1; 514
0; 465
4; 522
3; 520
0; 465
0; 465
2; 517
1; 513
0; 465
0; 466
2; 517
3; 518
0; 465
0; 467
1; 532
1; 536
0; 484
2; 533
1; 565
2; 546
1; 533
0; 485
1; 533
2; 550
0; 557
1; 602
0; 559
0; 582
1; 630
1; 624
1; 626
1; 680
0; 546
1; 717
1; 722
1; 729
1; 652
3; 534
1; 533
2; 531
2; 534
1; 539
0; 481
0; 483
0; 483
0; 481
1; 533
1; 531
2; 542
0; 483
0; 484
0; 481
1; 540
2; 544
3; 596
0; 666
1; 725
1; 725
1; 534
2; 531
0; 481
1; 535
1; 533
2; 533
0; 541
0; 565
0; 586
1; 635
1; 638
1; 608
0; 575
1; 623
0; 569
0; 565
0; 743
1; 736
1; 733
0; 675
1; 536
1; 728
5; 731
2; 734
1; 726
2; 519
0; 465
2; 516
2; 523
0; 670
3; 742
2; 532
3; 555
1; 530
0; 466
0; 465
0; 465
0; 465
0; 464
1; 513
0; 465
0; 465
1; 513
0; 464
0; 465
1; 707
0; 668
1; 726
1; 694
1; 549
0; 503
1; 584
0; 488
1; 534
1; 529
1; 536
2; 530
1; 533
0; 536
0; 539
1; 595
1; 556
2; 626
1; 738
2; 729
1; 722
1; 536
1; 563
2; 617
2; 607
0; 578
0; 558
2; 824
1; 732
0; 674
0; 674
1; 549
1; 733
1; 725
1; 724
0; 466
2; 518
2; 518
0; 465
0; 464
2; 517
1; 514
2; 517
0; 464
1; 513
0; 465
0; 466
0; 571
2; 628
0; 581
0; 542
1; 594
1; 614
1; 732
1; 728
0; 664
0; 670
0; 466
0; 465
0; 492
2; 541
0; 486
1; 536
0; 488
1; 543
3; 558
0; 668
1; 707
1; 730
3; 743
1; 744
1; 516
0; 465
0; 465
1; 513
2; 517
4; 521
0; 465
2; 517
2; 518
1; 728
2; 733
1; 649
1; 723
0; 465
1; 515
1; 513
2; 516
0; 464
2; 517
2; 517
1; 513
0; 465
1; 512
0; 465
2; 517
1; 513
4; 521
1; 513
2; 519
1; 513
1; 513
0; 465
0; 465
3; 518
1; 513
0; 463
0; 465
1; 514
2; 517
2; 519
1; 513
0; 466
3; 519
0; 466
0; 575
1; 570
0; 503
0; 564
1; 568
2; 575
1; 540
1; 532
1; 682
1; 727
2; 729
1; 615
2; 537
1; 591
1; 593
1; 533
0; 483
2; 531
0; 484
3; 535
0; 606
0; 569
0; 666
1; 725
1; 538
0; 561
4; 634
2; 619
1; 610
1; 612
1; 623
0; 546
0; 564
1; 635
1; 625
2; 632
1; 582
0; 572
1; 617
0; 574
0; 550
4; 570
0; 555
0; 552
2; 588
1; 533
1; 538
1; 725
6; 752
2; 734
1; 530
1; 536
0; 667
0; 632
2; 737
1; 653
0; 664
0; 483
1; 540
0; 542
1; 535
0; 486
1; 596
0; 537
4; 596
2; 731
2; 572
2; 732
3; 535
2; 589
1; 619
0; 535
0; 491
2; 534
1; 535
1; 622
1; 628
1; 614
2; 618
2; 627
0; 554
0; 560
2; 561
1; 619
0; 548
3; 647
0; 561
0; 561
3; 615
0; 577
2; 611
0; 544
0; 553
1; 636
1; 611
3; 632
0; 562
0; 559
0; 558
1; 610
0; 553
1; 731
1; 725
2; 730
0; 667
1; 549
1; 715
0; 671
1; 727
2; 521
2; 518
0; 464
2; 518
1; 513
0; 465
2; 517
0; 465
3; 519
2; 518
1; 513
2; 517
2; 517
1; 513
1; 513
0; 466
1; 530
1; 532
2; 538
1; 537
0; 490
4; 535
1; 552
0; 485
3; 539
1; 543
1; 541
0; 486
1; 536
3; 536
2; 537
1; 537
1; 540
0; 495
1; 533
1; 535
0; 486
1; 539
0; 488
0; 489
0; 488
2; 534
1; 539
0; 485
2; 537
0; 487
2; 545
2; 536
0; 490
1; 535
0; 487
2; 540
1; 535
0; 489
2; 538
1; 545
2; 537
0; 488
0; 489
0; 491
1; 535
2; 536
1; 541
1; 540
0; 486
1; 534
1; 534
1; 538
0; 489
2; 532
5; 543
1; 541
1; 580
0; 559
1; 613
1; 752
4; 751
1; 733
1; 540
0; 485
0; 485
1; 541
2; 544
0; 487
0; 487
1; 532
1; 538
3; 540
2; 535
1; 538
1; 534
0; 491
0; 486
4; 543
3; 536
1; 538
2; 532
1; 531
2; 531
1; 724
0; 667
0; 674
2; 735
1; 707
1; 737
1; 737
1; 717
0; 488
0; 488
2; 532
0; 486
0; 497
1; 539
3; 540
0; 489
1; 538
0; 490
0; 492
3; 538
0; 494
1; 531
1; 540
0; 484
1; 535
2; 533
1; 537
1; 535
0; 485
0; 489
1; 538
1; 540
1; 537
1; 543
2; 536
1; 546
1; 531
1; 541
2; 538
0; 487
1; 548
0; 489
1; 548
0; 496
0; 494
1; 541
1; 538
0; 488
1; 544
0; 489
0; 483
1; 539
2; 541
0; 496
1; 542
1; 544
0; 489
1; 540
1; 539
2; 541
1; 536
2; 540
1; 539
2; 534
1; 534
0; 493
2; 544
0; 490
2; 550
2; 542
1; 549
6; 550
2; 536
0; 488
1; 536
0; 489
2; 534
1; 538
1; 540
0; 486
2; 540
0; 490
1; 542
2; 538
2; 548
2; 539
0; 490
2; 536
2; 534
2; 532
0; 467
3; 519
1; 514
1; 514
0; 464
3; 519
0; 464
2; 533
1; 532
1; 532
2; 532
1; 535
3; 538
2; 532
2; 534
1; 535
1; 531
2; 556
0; 478
0; 484
0; 492
0; 482
1; 533
0; 483
1; 535
1; 531
2; 535
1; 529
1; 538
1; 532
2; 532
0; 481
1; 533
1; 528
1; 531
1; 532
1; 532
0; 483
1; 532
2; 532
0; 484
1; 533
1; 531
0; 481
2; 531
2; 534
1; 531
2; 535
0; 483
0; 482
2; 535
1; 530
0; 483
2; 532
0; 484
0; 483
0; 483
0; 483
1; 530
0; 482
2; 532
2; 533
2; 533
2; 534
0; 484
0; 483
2; 533
2; 532
2; 539
2; 531
3; 533
0; 488
0; 488
3; 533
1; 532
0; 481
2; 532
3; 533
2; 535
0; 482
1; 532
2; 533
2; 532
3; 531
1; 529
0; 483
1; 532
1; 532
2; 533
1; 534
1; 538
1; 534
2; 534
0; 481
0; 481
0; 483
2; 533
2; 534
2; 534
1; 544
2; 530
1; 533
1; 531
4; 573
0; 484
0; 481
3; 535
1; 528
1; 530
1; 528
0; 481
3; 530
1; 531
1; 528
0; 482
0; 480
0; 481
0; 481
1; 529
2; 534
0; 480
0; 481
0; 480
1; 531
1; 530
0; 482
0; 482
0; 482
1; 569
1; 557
0; 484
1; 533
1; 533
1; 536
0; 486
1; 544
3; 521
1; 513
2; 517
0; 465
0; 464
3; 518
3; 517
1; 513
3; 523
2; 517
3; 518
0; 464
2; 517
2; 531
0; 491
0; 485
1; 542
1; 535
3; 542
2; 536
0; 487
0; 486
1; 536
3; 548
1; 533
1; 533
0; 488
0; 482
1; 533
0; 485
0; 493
0; 485
0; 485
1; 536
0; 484
0; 485
0; 486
2; 536
1; 530
2; 543
0; 488
0; 486
1; 534
0; 485
4; 541
0; 485
2; 534
0; 485
1; 537
1; 533
1; 536
0; 485
1; 535
3; 539
1; 533
0; 483
1; 536
1; 539
0; 485
1; 535
4; 540
2; 537
2; 532
1; 534
1; 536
0; 487
2; 541
1; 531
1; 535
0; 485
0; 485
1; 539
0; 483
0; 483
0; 484
0; 484
1; 533
1; 531
3; 545
0; 486
1; 536
0; 482
2; 535
0; 481
1; 532
2; 535
0; 484
0; 484
1; 536
0; 483
1; 537
0; 486
2; 536
2; 539
1; 535
1; 539
2; 534
2; 537
0; 482
0; 489
0; 485
1; 551
2; 535
0; 484
1; 537
1; 534
0; 483
0; 483
2; 532
0; 485
0; 487
3; 532
1; 535
3; 537
1; 536
1; 541
0; 486
1; 539
3; 534
1; 543
1; 535
3; 536
2; 536
2; 537
1; 535
2; 543
0; 480
2; 532
2; 530
0; 485
1; 539
1; 514
1; 513
1; 513
0; 465
1; 513
1; 513
1; 513
2; 518
0; 467
6; 531
2; 517
4; 527
0; 464
0; 465
0; 465
1; 513
2; 519
0; 465
0; 465
0; 464
1; 514
1; 514
2; 518
1; 513
1; 513
2; 517
2; 517
1; 513
1; 513
1; 513
1; 513
3; 518
1; 514
1; 512
2; 519
0; 464
0; 465
2; 517
1; 513
0; 466
1; 513
1; 515
2; 519
1; 513
1; 513
2; 518
2; 517
1; 514
2; 516
1; 514
2; 517
1; 513
0; 465
1; 513
1; 513
0; 464
0; 466
2; 519
0; 465
1; 513
1; 513
3; 518
1; 514
2; 516
1; 514
1; 513
1; 514
0; 464
3; 520
1; 515
1; 512
2; 517
0; 464
0; 464
2; 518
2; 518
1; 514
2; 517
1; 513
1; 513
1; 513
0; 465
1; 514
1; 512
2; 518
1; 512
0; 464
2; 517
1; 514
1; 513
0; 465
1; 513
3; 520
1; 513
1; 514
0; 465
2; 518
0; 465
3; 519
0; 465
1; 513
0; 464
1; 512
2; 732
1; 727
1; 729
1; 727
1; 513
3; 732
1; 716
0; 668
1; 610
4; 524
0; 665
4; 743
2; 732
3; 522
1; 514
3; 735
0; 669
0; 619
2; 520
1; 721
1; 535
0; 673
1; 728
0; 649
0; 672
2; 727
1; 640
0; 667
2; 520
0; 664
1; 726
3; 736
1; 726
1; 634
2; 679
1; 697
0; 671
0; 504
0; 663
0; 645
3; 736
1; 726
0; 467
1; 513
1; 514
2; 517
0; 465
2; 517
2; 517
3; 517
2; 517
3; 519
1; 513
0; 464
0; 464
0; 464
2; 517
2; 518
0; 465
0; 465
0; 465
2; 518
1; 513
1; 513
1; 513
0; 465
1; 513
0; 464
3; 519
0; 464
3; 518
1; 512
2; 518
0; 466
1; 514
0; 465
2; 531
0; 485
0; 485
1; 540
1; 540
2; 542
2; 519
0; 670
2; 727
0; 666
0; 663
1; 513
0; 655
2; 730
1; 670
0; 632
0; 467
0; 662
1; 726
1; 723
0; 466
3; 737
1; 722
0; 525
3; 728
1; 571
0; 668
0; 666
1; 716
0; 534
0; 466
2; 732
2; 684
1; 725
0; 506
3; 521
0; 674
1; 727
1; 724
0; 466
4; 532
3; 633
1; 732
2; 728
2; 522
0; 555
3; 734
0; 665
0; 668
1; 513
0; 614
0; 661
1; 721
1; 727
1; 514
0; 669
1; 719
0; 667
0; 668
0; 469
1; 722
2; 734
0; 664
1; 572
0; 549
0; 670
3; 730
1; 724
1; 544
1; 724
3; 739
1; 723
1; 727
0; 508
2; 734
2; 728
0; 670
2; 632
2; 578
0; 667
2; 727
2; 729
2; 565
0; 669
2; 729
2; 725
0; 516
2; 572
1; 726
2; 731
1; 724
1; 718
1; 592
1; 714
2; 664
0; 665
3; 585
0; 663
1; 727
0; 674
1; 728
0; 502
0; 669
1; 716
1; 717
1; 577
0; 524
2; 733
1; 706
2; 729
1; 548
0; 668
0; 611
1; 707
0; 665
4; 557
2; 728
4; 742
3; 746
2; 592
3; 702
0; 666
2; 731
1; 730
0; 512
1; 725
1; 726
1; 725
4; 741
0; 516
0; 649
1; 722
0; 681
2; 558
1; 729
1; 727
1; 712
0; 663
3; 540
2; 731
1; 725
2; 737
1; 564
0; 520
1; 724
2; 706
1; 732
0; 532
3; 737
0; 670
1; 721
2; 709
1; 588
1; 725
0; 665
1; 725
0; 556
0; 663
0; 657
1; 726
2; 735
0; 505
1; 724
1; 723
2; 734
1; 725
0; 587
1; 727
2; 736
1; 725
1; 563
2; 730
1; 726
2; 679
0; 669
1; 574
1; 722
1; 724
3; 739
3; 605
2; 732
1; 726
0; 664
3; 736
2; 568
1; 717
1; 723
1; 726
1; 604
0; 569
0; 590
1; 721
2; 731
0; 504
0; 669
0; 647
2; 711
2; 726
2; 543
2; 721
1; 726
1; 725
1; 595
2; 606
1; 722
2; 731
2; 729
2; 576
3; 690
0; 666
0; 665
0; 656
1; 548
1; 729
2; 619
0; 663
0; 504
0; 560
2; 725
3; 740
0; 673
0; 504
1; 722
2; 710
1; 723
3; 719
0; 569
2; 729
0; 649
6; 760
1; 602
1; 724
0; 663
0; 562
1; 516
2; 610
1; 724
0; 668
1; 722
1; 517
4; 745
0; 669
1; 588
1; 574
1; 514
1; 703
1; 724
1; 727
1; 515
1; 718
1; 724
1; 639
2; 730
1; 515
1; 717
2; 728
1; 725
1; 703
1; 618
1; 568
1; 695
4; 728
1; 519
2; 734
3; 732
2; 732
1; 727
1; 561
0; 516
1; 726
0; 664
1; 579
0; 659
0; 663
1; 723
1; 726
4; 581
1; 667
1; 728
1; 726
1; 715
1; 555
2; 724
0; 664
2; 725
0; 512
0; 541
0; 671
0; 665
0; 668
1; 550
0; 664
1; 726
1; 728
0; 664
0; 530
1; 707
0; 678
3; 750
1; 563
1; 724
1; 733
1; 725
3; 736
2; 557
0; 669
2; 732
2; 737
1; 606
1; 588
2; 770
1; 766
0; 652
1; 568
1; 711
2; 735
0; 661
0; 666
1; 559
0; 665
0; 666
0; 665
1; 577
2; 732
2; 730
1; 695
0; 664
1; 545
1; 724
0; 665
0; 662
1; 725
2; 578
2; 641
2; 733
0; 667
1; 569
2; 738
0; 662
0; 664
0; 643
2; 582
1; 717
0; 665
4; 754
1; 613
0; 663
0; 650
2; 735
1; 728
1; 545
1; 724
2; 722
1; 717
0; 665
0; 513
3; 536
0; 666
1; 714
2; 739
0; 648
1; 717
0; 667
0; 666
2; 546
0; 501
0; 665
0; 665
1; 728
2; 552
3; 742
2; 735
0; 664
2; 721
0; 571
2; 729
1; 725
2; 723
1; 568
1; 720
0; 694
0; 695
1; 722
0; 521
0; 664
0; 669
0; 665
4; 749
1; 557
1; 532
1; 623
2; 755
1; 560
0; 686
1; 759
2; 700
1; 728
0; 523
1; 713
2; 730
1; 727
0; 558
3; 643
2; 736
4; 749
2; 740
1; 556
1; 722
0; 494
2; 725
0; 665
2; 535
0; 665
1; 723
0; 665
0; 464
0; 464
0; 465
2; 519
2; 518
0; 465
2; 516
1; 513
0; 464
1; 513
1; 512
3; 521
1; 513
1; 513
2; 519
1; 513
1; 513
0; 463
2; 517
5; 526
1; 513
0; 464
1; 513
1; 513
1; 513
1; 512
1; 513
1; 513
1; 514
2; 517
0; 466
0; 465
1; 513
1; 514
0; 466
0; 465
1; 514
1; 513
1; 513
0; 465
1; 514
1; 512
2; 518
0; 463
1; 513
1; 514
2; 518
1; 513
0; 463
0; 464
0; 464
3; 518
2; 517
0; 464
2; 517
1; 513
2; 517
2; 517
2; 517
0; 466
1; 513
2; 518
1; 512
1; 514
2; 518
1; 513
0; 464
2; 519
2; 517
0; 465
1; 513
0; 465
3; 518
2; 518
1; 513
2; 517
0; 465
3; 519
1; 514
2; 517
0; 465
2; 517
2; 518
3; 519
1; 513
2; 518
0; 465
2; 517
0; 463
1; 513
0; 464
1; 513
1; 513
0; 465
3; 518
0; 465
1; 515
0; 465
2; 517
1; 513
2; 517
0; 464
2; 517
2; 516
0; 465
1; 513
0; 465
0; 463
3; 524
3; 516
0; 465
0; 464
0; 466
0; 465
0; 465
1; 514
2; 519
0; 464
0; 465
0; 465
1; 514
3; 519
3; 519
1; 514
1; 513
0; 464
0; 464
1; 513
2; 518
0; 465
0; 465
0; 465
0; 466
1; 513
0; 466
2; 517
6; 529
2; 516
1; 513
1; 513
0; 464
0; 465
0; 464
1; 513
0; 464
1; 513
1; 513
1; 513
2; 519
2; 519
2; 518
3; 520
2; 517
4; 520
0; 465
0; 464
2; 517
3; 518
1; 514
1; 513
2; 517
1; 512
1; 513
2; 516
1; 513
0; 464
0; 465
3; 517
0; 465
1; 513
0; 465
0; 464
0; 465
0; 464
0; 465
2; 519
3; 521
0; 464
0; 464
3; 520
1; 513
1; 513
1; 514
2; 516
2; 516
2; 516
0; 464
2; 516
1; 513
2; 517
2; 517
0; 465
1; 514
1; 513
0; 466
1; 513
1; 513
2; 517
0; 465
0; 465
0; 465
0; 464
1; 512
0; 464
0; 464
2; 519
2; 516
0; 464
1; 513
1; 513
0; 465
3; 519
2; 517
0; 464
2; 519
1; 513
0; 465
1; 514
0; 463
0; 465
0; 464
1; 514
3; 519
1; 515
0; 465
2; 517
3; 519
4; 520
1; 513
2; 516
2; 519
1; 513
0; 466
1; 530
1; 531
1; 531
2; 517
2; 518
2; 517
1; 515
1; 513
2; 518
0; 480
2; 534
0; 481
2; 536
1; 532
0; 481
4; 540
3; 536
0; 481
1; 531
2; 535
0; 482
0; 481
2; 533
1; 532
1; 530
1; 531
1; 531
2; 536
3; 537
0; 481
0; 481
2; 535
1; 530
0; 481
0; 480
0; 481
0; 480
0; 482
1; 531
3; 536
1; 531
2; 533
1; 531
1; 530
0; 465
0; 464
3; 519
3; 520
1; 531
1; 531
1; 531
2; 519
3; 521
1; 513
1; 513
2; 518
0; 465
2; 518
1; 531
1; 531
1; 531
0; 480
0; 481
0; 481
0; 481
0; 481
1; 531
0; 481
0; 480
0; 466
0; 464
0; 466
1; 515
2; 517
0; 463
0; 466
2; 533
2; 534
1; 532
3; 537
5; 545
0; 480
0; 482
1; 531
1; 531
1; 531
1; 531
2; 534
2; 519
1; 513
2; 517
0; 465
0; 464
2; 518
0; 482
2; 535
1; 530
3; 538
1; 531
2; 536
0; 481
2; 533
1; 531
1; 531
0; 464
0; 465
3; 519
1; 513
0; 464
1; 513
1; 513
0; 464
0; 464
3; 520
1; 512
0; 465
0; 465
1; 512
0; 471
0; 480
0; 465
0; 465
0; 465
1; 513
0; 464
1; 514
1; 513
1; 513
2; 518
0; 465
1; 513
1; 514
1; 512
1; 513
0; 465
0; 465
2; 518
1; 513
2; 518
2; 517
1; 514
1; 513
1; 513
2; 518
0; 465
0; 464
0; 464
0; 465
2; 517
2; 517
1; 514
1; 514
1; 514
0; 465
1; 516
2; 527
1; 513
0; 464
2; 518
0; 465
1; 512
0; 465
1; 514
1; 513
3; 519
2; 516
0; 466
2; 518
2; 518
1; 513
0; 465
0; 464
0; 465
0; 465
1; 512
0; 465
0; 465
3; 518
2; 517
0; 464
1; 513
1; 513
0; 465
0; 465
0; 465
1; 514
2; 519
0; 465
0; 466
1; 513
2; 517
0; 465
0; 466
1; 513
0; 466
2; 517
0; 464
2; 518
1; 514
3; 519
1; 513
0; 465
1; 513
2; 519
1; 513
0; 465
2; 518
0; 466
5; 521
2; 517
1; 514
0; 465
0; 465
4; 520
0; 465
0; 465
1; 513
3; 519
0; 465
1; 513
0; 465
1; 513
0; 465
0; 465
0; 464
0; 465
5; 523
0; 466
1; 513
1; 513
1; 513
1; 513
1; 513
0; 466
0; 464
3; 517
2; 516
0; 464
1; 512
0; 464
1; 514
0; 465
2; 518
0; 465
0; 464
2; 518
2; 517
1; 514
0; 464
3; 519
2; 517
2; 517
1; 513
0; 466
0; 465
1; 514
1; 513
1; 513
0; 463
2; 516
1; 513
1; 513
1; 513
0; 465
1; 513
0; 464
1; 514
2; 518
1; 512
2; 517
0; 464
0; 464
0; 465
0; 466
0; 464
2; 517
2; 515
2; 517
4; 543
1; 514
0; 465
2; 517
1; 513
1; 514
0; 465
0; 466
0; 465
0; 465
1; 513
1; 513
2; 534
1; 515
1; 513
1; 515
1; 513
0; 467
0; 465
2; 518
1; 513
0; 465
0; 466
0; 464
0; 463
3; 519
2; 517
4; 520
0; 464
0; 466
1; 513
0; 465
3; 518
0; 465
0; 465
1; 513
1; 514
3; 518
2; 517
0; 464
1; 513
1; 513
2; 518
0; 465
0; 466
1; 513
1; 513
3; 518
2; 517
1; 513
2; 518
1; 515
0; 465
1; 514
1; 513
1; 513
0; 464
1; 515
2; 516
3; 519
3; 520
2; 517
2; 516
0; 465
1; 512
2; 517
0; 465
2; 517
0; 465
1; 513
1; 515
0; 465
3; 520
2; 520
3; 520
0; 468
3; 521
3; 520
1; 514
0; 464
1; 513
0; 464
1; 513
2; 517
0; 466
1; 512
2; 517
3; 518
0; 465
0; 465
2; 517
0; 465
3; 520
0; 466
0; 465
3; 519
1; 514
2; 519
1; 532
2; 534
0; 495
2; 520
0; 465
0; 465
2; 518
1; 513
2; 519
0; 465
2; 517
2; 519
2; 518
1; 513
2; 518
2; 519
0; 465
0; 464
2; 516
0; 465
1; 516
3; 518
2; 517
0; 464
0; 464
0; 464
2; 518
2; 517
2; 517
0; 463
2; 518
1; 514
1; 513
0; 465
0; 465
0; 465
0; 465
0; 465
1; 513
1; 513
0; 465
0; 465
1; 514
1; 514
0; 464
1; 513
4; 522
0; 464
0; 466
2; 517
0; 467
1; 533
1; 514
0; 466
1; 514
1; 536
2; 521
1; 513
0; 464
3; 519
0; 465
2; 519
0; 465
2; 517
0; 466
1; 513
3; 519
2; 519
0; 465
0; 464
0; 464
1; 515
0; 464
2; 517
1; 513
2; 517
1; 513
1; 513
1; 514
0; 464
1; 513
1; 512
0; 465
0; 465
2; 517
1; 513
1; 513
2; 534
3; 518
0; 466
0; 464
2; 517
1; 513
0; 465
0; 465
0; 483
1; 535
1; 548
4; 554
0; 490
1; 543
2; 540
0; 496
1; 542
0; 488
3; 540
1; 540
1; 543
0; 509
1; 544
2; 562
0; 495
0; 526
0; 513
1; 515
1; 513
1; 513
0; 465
1; 513
2; 515
0; 464
1; 513
1; 513
1; 513
0; 466
1; 513
0; 465
1; 514
2; 515
1; 513
1; 514
0; 464
2; 517
0; 463
2; 517
1; 513
0; 465
2; 518
1; 513
0; 464
2; 517
2; 517
0; 466
2; 519
2; 520
0; 465
1; 513
0; 466
1; 513
2; 517
0; 468
2; 522
0; 465
2; 518
2; 517
1; 513
2; 517
0; 464
1; 513
0; 465
2; 519
0; 465
1; 513
1; 514
2; 517
1; 515
1; 512
1; 512
2; 517
1; 513
1; 513
0; 464
2; 517
1; 512
0; 466
2; 517
1; 513
2; 519
1; 515
0; 465
0; 465
0; 465
0; 466
1; 514
1; 514
2; 518
0; 465
1; 514
0; 466
0; 466
1; 514
0; 466
1; 514
1; 515
0; 466
0; 464
2; 519
0; 465
0; 466
1; 514
1; 513
1; 513
1; 513
1; 514
0; 464
2; 517
0; 464
0; 465
1; 514
1; 514
1; 513
1; 513
2; 518
2; 517
0; 465
1; 514
0; 465
2; 518
2; 516
1; 513
1; 513
0; 465
1; 513
0; 465
1; 514
0; 465
2; 518
2; 519
1; 513
0; 465
2; 519
0; 465
2; 517
3; 519
0; 467
1; 514
2; 518
1; 516
1; 514
3; 518
0; 464
0; 464
0; 465
0; 464
2; 517
3; 519
1; 514
1; 514
1; 514
2; 518
2; 517
2; 517
1; 513
2; 517
0; 464
2; 517
1; 514
0; 464
0; 465
1; 513
2; 517
0; 466
2; 518
0; 465
1; 513
2; 518
0; 465
0; 465
0; 464
1; 514
1; 513
2; 519
2; 517
2; 516
2; 518
3; 519
0; 465
0; 463
4; 520
0; 465
3; 519
1; 513
1; 513
0; 464
0; 464
0; 464
0; 465
1; 515
0; 465
2; 518
2; 517
1; 513
0; 465
1; 514
0; 465
1; 512
1; 513
0; 465
1; 513
0; 464
0; 465
3; 518
1; 515
0; 464
0; 464
1; 513
1; 513
1; 513
2; 516
2; 517
1; 513
2; 516
0; 464
1; 514
0; 465
3; 519
0; 466
1; 514
0; 464
1; 513
2; 515
1; 514
3; 517
1; 513
0; 463
1; 513
1; 514
1; 514
1; 514
2; 518
0; 464
0; 465
2; 518
0; 465
0; 465
0; 464
1; 513
0; 465
3; 519
1; 515
0; 465
1; 512
0; 464
1; 513
1; 512
2; 518
3; 518
3; 519
1; 513
1; 512
1; 513
1; 515
3; 519
3; 519
0; 465
0; 464
1; 513
0; 464
1; 514
0; 465
0; 466
2; 515
1; 514
0; 464
1; 514
0; 466
1; 513
1; 513
1; 513
0; 466
2; 518
2; 518
1; 512
1; 515
0; 465
2; 520
0; 464
3; 536
0; 469
2; 519
0; 465
0; 464
0; 465
0; 465
0; 464
3; 519
0; 465
1; 514
1; 514
4; 521
1; 514
0; 465
2; 517
1; 513
1; 514
0; 465
0; 464
0; 465
0; 464
2; 518
2; 517
1; 516
0; 464
0; 465
0; 464
1; 513
0; 464
4; 521
0; 465
0; 465
0; 465
1; 513
1; 514
1; 513
3; 519
0; 464
2; 518
0; 464
2; 519
0; 464
1; 513
0; 465
0; 465
0; 465
0; 466
1; 513
2; 517
1; 513
0; 465
1; 513
1; 514
1; 513
0; 466
0; 489
0; 465
0; 465
1; 513
1; 513
1; 512
2; 517
1; 513
1; 513
0; 464
0; 465
0; 465
1; 512
0; 464
0; 465
2; 517
4; 523
0; 465
1; 514
1; 513
4; 521
0; 466
2; 519
0; 465
1; 513
1; 513
2; 518
6; 530
2; 517
2; 518
2; 520
0; 465
1; 514
0; 464
1; 513
1; 513
1; 513
1; 513
1; 514
2; 518
2; 516
0; 465
1; 514
0; 464
2; 517
1; 514
2; 515
0; 465
0; 464
0; 465
0; 466
2; 518
0; 465
1; 513
0; 464
1; 514
1; 513
0; 464
0; 464
1; 513
1; 514
2; 517
2; 517
1; 513
0; 465
1; 513
0; 465
1; 514
0; 464
3; 519
0; 465
2; 517
0; 465
5; 522
0; 465
1; 513
2; 517
1; 513
2; 517
1; 513
0; 465
1; 513
0; 464
2; 516
3; 520
2; 517
1; 513
2; 517
2; 516
1; 513
1; 513
2; 523
2; 534
1; 538
3; 537
1; 531
1; 535
1; 535
2; 534
2; 538
0; 464
2; 517
2; 516
1; 513
1; 514
0; 465
1; 513
2; 519
0; 464
1; 516
1; 514
0; 465
0; 465
0; 464
1; 514
1; 515
0; 465
1; 512
1; 513
0; 464
1; 513
0; 464
0; 465
0; 464
1; 513
0; 464
2; 519
0; 464
0; 464
1; 513
0; 465
1; 513
1; 513
2; 517
1; 512
1; 513
4; 521
0; 465
1; 513
0; 466
0; 464
2; 516
0; 464
0; 466
1; 513
3; 517
0; 464
2; 517
0; 464
2; 519
2; 517
0; 465
3; 519
1; 524
3; 520
0; 464
2; 517
1; 513
0; 465
0; 464
3; 521
2; 516
1; 513
1; 513
1; 512
0; 464
2; 518
1; 514
2; 517
0; 464
0; 465
0; 464
3; 518
2; 517
2; 518
1; 513
2; 518
3; 525
1; 512
1; 513
1; 513
1; 514
2; 517
0; 466
2; 518
1; 513
1; 513
0; 466
2; 517
1; 513
2; 517
1; 513
1; 516
1; 513
1; 513
2; 516
2; 516
1; 514
1; 512
0; 465
1; 513
0; 465
1; 513
1; 515
0; 464
1; 513
1; 513
0; 465
6; 524
0; 465
3; 517
3; 520
2; 517
2; 517
1; 513
0; 465
1; 512
4; 519
1; 514
2; 519
1; 514
1; 513
1; 514
1; 513
1; 513
3; 519
0; 465
1; 514
0; 466
0; 465
0; 465
0; 464
2; 517
1; 513
0; 464
1; 514
1; 513
2; 517
0; 465
0; 464
1; 513
1; 513
2; 517
0; 465
2; 516
2; 516
1; 513
2; 518
4; 523
1; 514
0; 465
2; 518
0; 464
3; 518
2; 517
2; 519
2; 517
2; 518
2; 517
3; 519
0; 463
3; 517
0; 466
0; 465
2; 518
1; 513
1; 513
0; 465
2; 517
0; 466
0; 464
1; 514
0; 464
0; 464
0; 464
0; 465
0; 466
1; 513
2; 518
2; 519
0; 465
1; 514
0; 464
0; 465
0; 464
3; 519
2; 517
1; 514
2; 518
3; 518
0; 464
0; 465
1; 513
1; 514
2; 518
1; 514
2; 518
0; 464
2; 517
2; 516
0; 464
2; 517
1; 513
3; 519
0; 463
0; 465
1; 513
1; 512
0; 465
3; 521
1; 512
1; 513
0; 464
2; 517
1; 512
1; 514
0; 465
2; 516
2; 519
2; 517
2; 518
1; 512
2; 519
1; 513
0; 466
0; 465
1; 513
1; 513
0; 465
2; 517
0; 466
1; 513
2; 517
0; 464
0; 465
3; 518
3; 519
0; 464
0; 465
3; 521
0; 464
0; 464
2; 519
0; 466
2; 517
2; 517
0; 464
4; 521
1; 513
2; 518
2; 519
0; 465
3; 522
0; 465
1; 513
1; 513
0; 466
2; 518
1; 513
1; 514
0; 465
1; 513
2; 518
0; 464
1; 514
1; 513
2; 518
0; 464
0; 465
1; 513
0; 465
0; 465
1; 513
2; 517
3; 519
4; 524
2; 518
2; 516
0; 466
1; 514
3; 518
0; 465
1; 513
1; 513
3; 517
0; 465
4; 524
3; 519
1; 513
1; 513
0; 465
0; 466
1; 513
1; 513
0; 464
1; 514
3; 521
3; 519
2; 519
0; 465
1; 515
0; 465
0; 464
1; 513
1; 513
2; 517
0; 465
0; 465
1; 513
1; 514
0; 465
1; 513
2; 518
1; 525
1; 514
1; 513
1; 513
0; 465
2; 517
1; 513
1; 513
2; 518
0; 464
0; 465
1; 513
1; 514
2; 518
0; 465
1; 513
1; 513
0; 465
1; 514
0; 464
0; 466
0; 465
0; 466
1; 513
1; 513
0; 465
1; 513
1; 513
1; 539
0; 490
2; 537
1; 539
2; 536
1; 537
1; 537
1; 536
0; 494
0; 490
0; 497
0; 491
2; 546
0; 494
2; 536
0; 488
2; 544
2; 550
0; 522
1; 676
1; 703
1; 646
1; 537
1; 533
0; 467
2; 517
0; 466
1; 512
2; 517
0; 465
1; 512
0; 465
1; 513
1; 514
1; 513
0; 464
0; 464
0; 465
1; 513
0; 465
1; 513
3; 519
0; 465
1; 515
1; 513
1; 516
2; 517
0; 464
3; 518
3; 519
1; 513
0; 466
2; 523
2; 542
1; 547
1; 538
0; 483
1; 539
1; 556
2; 534
1; 546
0; 485
0; 492
1; 542
1; 543
1; 534
0; 493
1; 542
1; 555
0; 650
0; 493
0; 641
1; 700
1; 535
0; 493
1; 539
2; 536
1; 532
2; 544
0; 487
0; 495
1; 566
2; 551
0; 494
3; 545
3; 541
2; 542
3; 547
2; 547
0; 488
0; 494
4; 540
2; 546
2; 540
0; 494
2; 542
0; 510
3; 537
1; 547
0; 492
1; 545
2; 520
0; 464
0; 464
0; 464
0; 464
2; 518
2; 517
0; 465
2; 517
2; 518
2; 517
0; 465
2; 519
1; 512
1; 514
0; 465
0; 466
0; 465
1; 553
1; 548
0; 506
0; 518
0; 507
1; 515
1; 514
2; 517
0; 466
1; 532
1; 536
2; 535
3; 525
1; 514
1; 513
2; 519
0; 465
1; 513
3; 518
2; 516
1; 513
1; 514
0; 465
1; 513
1; 513
0; 465
1; 513
2; 517
0; 465
0; 465
2; 517
1; 513
2; 517
1; 513
0; 464
3; 518
1; 513
1; 514
3; 518
2; 517
4; 522
0; 464
1; 513
0; 464
0; 468
1; 513
1; 515
0; 465
2; 519
1; 513
2; 518
0; 466
0; 464
0; 465
1; 513
1; 536
0; 465
0; 465
1; 514
0; 467
1; 513
1; 513
1; 513
2; 517
2; 519
2; 519
1; 516
3; 526
2; 523
1; 536
0; 483
0; 484
3; 544
0; 488
2; 534
1; 530
0; 483
0; 465
1; 515
5; 527
1; 513
1; 513
2; 524
0; 467
0; 486
1; 535
1; 536
2; 545
0; 465
0; 465
0; 464
0; 465
1; 514
4; 520
0; 466
2; 518
2; 519
0; 465
1; 514
0; 464
3; 522
0; 486
0; 485
1; 514
0; 465
1; 513
0; 465
1; 514
0; 465
2; 522
1; 513
1; 513
1; 513
1; 513
0; 466
0; 465
0; 466
0; 466
3; 521
0; 466
2; 519
1; 513
1; 513
0; 465
2; 517
1; 514
0; 465
0; 465
0; 465
1; 514
0; 463
0; 464
0; 464
2; 518
1; 516
1; 513
0; 464
3; 519
2; 517
2; 517
0; 465
1; 514
1; 513
1; 513
3; 519
1; 513
0; 466
0; 466
1; 533
3; 532
2; 519
0; 465
0; 465
1; 513
1; 513
5; 521
1; 514
1; 514
1; 514
0; 466
0; 466
1; 513
3; 519
0; 465
1; 515
0; 465
0; 465
0; 465
1; 512
2; 519
3; 520
1; 514
0; 467
0; 465
1; 533
1; 534
2; 520
0; 465
2; 517
1; 513
0; 465
0; 464
2; 517
2; 517
1; 528
0; 465
0; 465
1; 514
1; 513
1; 514
0; 465
1; 513
2; 517
1; 513
2; 517
2; 519
2; 518
2; 518
5; 528
1; 512
2; 517
2; 517
1; 512
0; 465
1; 512
1; 513
1; 513
1; 514
0; 464
0; 464
1; 513
0; 466
5; 522
1; 514
1; 514
0; 466
2; 518
0; 464
2; 519
0; 465
1; 514
2; 517
0; 463
0; 464
1; 512
2; 517
2; 518
1; 514
1; 513
0; 464
1; 513
2; 519
1; 514
0; 465
0; 465
1; 514
1; 513
2; 519
1; 514
2; 517
2; 515
0; 465
1; 513
0; 465
0; 464
0; 465
1; 514
1; 513
0; 465
1; 513
1; 514
0; 466
2; 517
0; 465
0; 465
0; 466
2; 518
2; 518
2; 518
2; 516
0; 465
1; 513
1; 513
0; 464
1; 514
1; 513
0; 464
1; 513
1; 513
0; 465
1; 513
1; 513
1; 514
2; 518
2; 517
1; 513
5; 535
0; 465
0; 465
0; 465
0; 464
1; 546
0; 465
1; 514
3; 519
1; 513
3; 520
0; 465
0; 465
3; 519
1; 513
1; 513
0; 464
1; 513
1; 513
0; 464
2; 517
1; 513
1; 514
2; 518
0; 465
1; 513
2; 517
0; 464
2; 517
1; 513
2; 517
1; 514
0; 465
1; 514
1; 514
1; 513
0; 464
1; 513
2; 516
0; 463
1; 512
3; 519
0; 465
0; 465
0; 465
1; 513
3; 519
1; 513
2; 519
0; 466
0; 466
1; 513
0; 465
1; 513
1; 513
1; 514
1; 513
0; 464
1; 514
1; 513
2; 517
1; 513
1; 513
0; 463
2; 516
1; 513
3; 519
0; 466
0; 465
1; 513
0; 464
0; 465
1; 513
3; 518
1; 514
0; 466
1; 513
1; 513
1; 512
0; 464
1; 514
2; 518
0; 465
3; 519
0; 465
0; 464
0; 465
2; 701
0; 626
3; 595
1; 689
0; 634
2; 700
2; 718
3; 696
4; 587
3; 702
2; 675
2; 700
1; 697
2; 678
2; 723
2; 639
2; 544
5; 696
3; 696
1; 627
3; 693
3; 698
3; 730
0; 496
3; 641
6; 595
3; 676
1; 690
1; 682
0; 641
3; 708
3; 738
3; 712
2; 551
2; 669
3; 644
2; 698
4; 732
3; 729
4; 725
2; 680
2; 639
0; 500
2; 656
4; 730
2; 649
2; 686
1; 688
2; 682
1; 643
0; 496
2; 681
3; 713
0; 646
5; 713
1; 679
3; 723
4; 548
0; 619
0; 526
1; 655
3; 723
1; 690
3; 680
4; 757
2; 689
2; 679
3; 556
1; 646
0; 618
1; 697
1; 685
1; 635
2; 725
0; 639
2; 708
7; 632
4; 766
2; 719
4; 704
2; 677
0; 600
1; 681
0; 601
2; 557
4; 676
2; 705
1; 670
1; 630
1; 653
1; 667
2; 691
3; 682
5; 559
0; 611
3; 702
3; 664
5; 719
1; 680
1; 667
0; 501
1; 659
1; 680
4; 710
2; 679
2; 692
4; 704
3; 673
1; 710
1; 670
1; 552
3; 736
1; 663
4; 727
2; 709
1; 651
3; 714
1; 661
2; 667
5; 723
2; 688
3; 706
4; 724
1; 684
2; 674
1; 671
3; 546
2; 550
0; 568
2; 691
1; 706
0; 646
2; 658
3; 675
2; 705
2; 670
5; 570
3; 698
0; 620
3; 638
0; 645
1; 690
1; 682
0; 536
0; 496
1; 687
2; 676
4; 736
1; 693
1; 693
4; 718
2; 696
5; 738
0; 514
0; 625
3; 705
1; 693
3; 717
3; 714
3; 697
0; 512
5; 559
4; 694
4; 749
2; 698
2; 696
1; 707
4; 733
3; 701
4; 719
2; 575
2; 716
1; 681
0; 632
3; 709
2; 709
1; 667
3; 669
3; 551
2; 651
1; 668
1; 696
3; 729
1; 681
3; 682
2; 697
0; 573
2; 589
1; 672
2; 707
1; 694
1; 636
2; 711
0; 632
4; 565
4; 554
1; 680
1; 667
2; 662
3; 713
3; 709
1; 692
4; 725
2; 690
2; 545
1; 660
2; 670
2; 700
4; 701
2; 680
1; 676
4; 685
2; 552
5; 754
2; 677
3; 656
4; 762
2; 698
3; 729
5; 679
1; 628
3; 680
0; 548
0; 630
1; 660
1; 649
2; 694
3; 715
2; 556
3; 551
4; 725
3; 682
1; 709
5; 760
2; 669
1; 693
4; 712
0; 631
1; 543
1; 655
2; 684
2; 706
1; 701
2; 683
2; 678
1; 684
1; 568
0; 537
3; 693
3; 755
3; 728
3; 667
0; 593
3; 678
2; 689
1; 563
2; 703
3; 710
3; 724
1; 694
0; 626
1; 683
0; 513
2; 549
1; 679
1; 664
3; 674
2; 687
1; 682
3; 652
3; 681
4; 694
0; 507
3; 679
0; 620
5; 708
1; 664
0; 644
1; 696
2; 682
1; 635
0; 647
2; 702
0; 652
2; 694
1; 680
2; 698
1; 694
2; 696
1; 551
0; 617
1; 707
5; 756
0; 622
2; 671
0; 633
0; 505
0; 596
1; 538
4; 746
4; 700
3; 669
0; 631
2; 673
1; 678
0; 603
1; 549
2; 689
3; 729
3; 704
0; 653
1; 668
0; 624
1; 679
1; 701
4; 546
2; 699
2; 691
1; 656
3; 702
3; 716
2; 688
0; 616
2; 554
0; 599
2; 655
2; 677
2; 679
3; 658
1; 680
2; 612
0; 586
1; 549
1; 663
3; 684
2; 680
4; 762
1; 689
5; 811
1; 637
1; 671
2; 710
3; 686
2; 621
1; 697
1; 684
2; 638
1; 686
0; 644
2; 557
0; 611
2; 693
3; 656
1; 683
2; 680
2; 705
1; 555
2; 655
2; 548
4; 734
3; 645
1; 697
3; 712
0; 650
2; 709
0; 507
3; 545
3; 696
0; 610
2; 680
2; 715
1; 693
1; 682
2; 683
3; 691
3; 552
3; 705
2; 635
2; 731
2; 667
4; 743
1; 671
2; 686
1; 556
1; 665
0; 601
2; 646
3; 692
1; 649
2; 684
1; 682
1; 693
0; 490
1; 683
4; 738
2; 676
2; 700
1; 709
4; 743
2; 589
4; 563
1; 681
0; 648
2; 648
4; 675
3; 701
1; 653
4; 714
1; 661
3; 558
1; 649
3; 658
2; 680
4; 707
4; 635
1; 681
0; 597
4; 590
2; 635
2; 707
2; 717
3; 694
0; 576
2; 690
3; 680
3; 727
5; 573
1; 680
0; 640
2; 688
2; 687
3; 682
1; 692
1; 547
2; 699
3; 587
1; 669
3; 670
5; 742
0; 577
2; 691
2; 694
3; 668
4; 575
0; 627
1; 670
2; 683
2; 647
2; 657
0; 617
4; 666
2; 663
4; 567
2; 636
0; 625
4; 736
2; 667
3; 678
1; 645
2; 671
3; 564
0; 572
1; 683
1; 701
0; 605
5; 706
1; 667
1; 569
2; 647
5; 576
2; 662
2; 595
5; 743
6; 747
1; 678
0; 626
1; 670
4; 561
3; 691
1; 675
3; 731
4; 707
3; 710
1; 700
2; 546
0; 608
0; 501
0; 616
0; 583
1; 651
5; 734
2; 696
4; 696
0; 625
1; 555
2; 584
5; 690
1; 580
1; 662
1; 638
4; 696
1; 539
1; 669
3; 556
4; 707
3; 735
2; 646
2; 695
1; 684
2; 664
2; 651
6; 610
4; 720
4; 666
1; 648
1; 664
4; 726
2; 691
1; 655
3; 702
2; 565
4; 698
5; 736
5; 736
2; 709
1; 668
2; 702
1; 635
2; 561
1; 640
0; 643
2; 673
1; 651
4; 747
0; 637
3; 548
1; 649
2; 543
4; 716
2; 702
3; 696
0; 637
0; 615
3; 684
1; 670
1; 571
1; 653
2; 697
2; 653
6; 718
1; 670
3; 712
3; 729
3; 692
4; 552
2; 694
1; 705
3; 724
3; 712
1; 692
0; 637
1; 678
2; 554
3; 714
1; 650
4; 688
2; 678
4; 734
3; 697
0; 642
0; 602
2; 541
2; 682
4; 712
1; 687
1; 692
2; 693
3; 687
2; 682
2; 559
4; 733
3; 681
0; 601
2; 720
3; 700
0; 644
0; 608
4; 705
1; 563
4; 690
2; 663
2; 720
5; 762
3; 688
1; 644
2; 688
3; 572
5; 756
1; 664
2; 707
1; 693
3; 704
2; 713
1; 582
1; 682
2; 567
2; 684
3; 680
2; 696
3; 686
2; 726
1; 649
2; 573
4; 558
5; 742
3; 678
1; 672
2; 693
2; 690
2; 707
3; 696
0; 608
4; 551
2; 689
3; 699
2; 663
0; 592
1; 707
2; 692
2; 698
3; 655
3; 696
1; 693
0; 630
2; 692
0; 620
1; 678
3; 692
2; 557
0; 499
0; 580
3; 712
3; 729
0; 637
1; 667
3; 690
4; 744
1; 660
0; 502
2; 698
4; 738
0; 646
2; 694
0; 647
1; 691
1; 646
6; 588
0; 608
2; 700
1; 688
1; 671
0; 637
2; 680
3; 729
1; 671
2; 564
0; 602
1; 685
1; 681
3; 725
1; 682
3; 730
2; 553
3; 685
6; 609
2; 683
3; 691
2; 693
2; 640
1; 664
3; 719
0; 581
2; 558
2; 689
0; 628
2; 680
4; 743
3; 700
1; 655
3; 721
2; 628
3; 555
1; 662
1; 680
1; 666
2; 690
1; 666
3; 698
0; 603
0; 510
0; 605
2; 666
1; 707
2; 675
2; 656
2; 673
3; 714
0; 628
3; 559
2; 676
1; 687
3; 688
1; 679
1; 646
2; 686
3; 675
3; 703
2; 625
3; 687
2; 624
1; 671
1; 680
1; 652
1; 668
3; 622
3; 567
4; 659
1; 668
3; 671
2; 677
1; 662
2; 690
2; 655
2; 688
1; 557
1; 623
1; 676
0; 630
1; 690
3; 693
0; 634
1; 546
2; 553
1; 639
1; 701
0; 635
1; 681
1; 673
4; 747
1; 703
5; 720
5; 599
1; 695
4; 712
3; 685
0; 633
6; 745
5; 730
1; 676
1; 556
5; 724
2; 664
1; 684
1; 703
2; 705
4; 698
2; 627
2; 704
3; 550
2; 679
1; 668
3; 718
1; 691
2; 696
3; 720
1; 654
2; 561
2; 681
0; 588
2; 638
1; 648
3; 712
3; 702
2; 685
3; 701
2; 558
1; 625
1; 673
2; 722
2; 718
1; 686
3; 703
2; 666
2; 650
2; 650
1; 693
1; 677
0; 647
0; 621
0; 632
2; 708
3; 688
2; 564
2; 660
2; 666
1; 656
3; 674
3; 658
3; 731
1; 544
3; 710
2; 575
1; 684
3; 710
0; 621
3; 698
2; 698
2; 701
0; 560
3; 548
2; 648
3; 667
2; 670
1; 683
2; 645
2; 616
0; 608
2; 632
0; 513
1; 650
3; 721
1; 668
1; 675
1; 653
6; 784
2; 631
3; 553
4; 717
0; 608
5; 754
4; 690
2; 700
5; 757
2; 662
4; 745
2; 579
0; 614
1; 632
1; 684
2; 733
1; 690
3; 694
1; 695
1; 642
3; 687
2; 721
1; 699
2; 688
2; 692
3; 708
2; 721
1; 691
1; 573
1; 704
2; 722
1; 674
1; 664
1; 703
6; 720
2; 640
1; 676
4; 581
4; 732
1; 659
2; 708
2; 722
4; 705
3; 744
1; 562
3; 551
3; 715
2; 647
2; 665
0; 591
3; 706
2; 656
1; 637
0; 579
1; 538
2; 708
1; 694
3; 556
1; 668
3; 687
2; 689
0; 594
0; 501
3; 688
2; 688
4; 749
0; 576
2; 688
0; 647
3; 706
3; 696
3; 555
1; 678
1; 683
2; 663
1; 665
1; 705
1; 564
2; 661
2; 601
1; 700
0; 646
2; 685
2; 708
1; 682
1; 669
1; 556
1; 676
3; 732
1; 681
2; 692
1; 673
4; 709
1; 691
3; 555
2; 650
0; 636
2; 711
2; 692
7; 844
3; 730
4; 683
4; 768
2; 552
3; 710
1; 701
1; 689
0; 617
1; 695
2; 696
2; 568
1; 678
3; 681
3; 731
2; 697
1; 639
2; 660
0; 601
4; 769
1; 681
5; 570
2; 675
2; 708
1; 660
1; 693
1; 672
0; 611
3; 727
2; 651
0; 514
2; 707
2; 678
3; 756
2; 732
2; 702
1; 693
3; 644
1; 561
1; 615
3; 691
0; 644
0; 632
1; 684
3; 725
1; 651
1; 635
2; 568
2; 663
2; 662
2; 706
4; 760
3; 597
1; 661
2; 671
0; 539
2; 659
0; 642
4; 752
1; 701
0; 636
1; 695
4; 755
1; 689
0; 507
6; 737
4; 754
1; 677
1; 687
2; 728
1; 656
2; 679
1; 685
1; 615
4; 718
1; 658
0; 624
3; 752
0; 647
1; 690
6; 548
0; 486
2; 636
4; 770
3; 707
2; 694
3; 758
6; 747
3; 567
2; 719
3; 565
2; 697
1; 704
5; 731
1; 707
1; 692
2; 690
1; 700
1; 573
4; 684
0; 650
3; 722
0; 610
5; 776
2; 697
3; 704
3; 695
2; 557
2; 689
3; 719
1; 674
0; 659
3; 724
3; 713
2; 717
2; 552
2; 714
4; 735
4; 683
2; 719
0; 649
3; 702
2; 704
4; 757
4; 566
2; 637
0; 625
4; 759
1; 692
2; 701
1; 693
2; 675
1; 648
2; 712
3; 728
2; 675
1; 706
3; 731
3; 712
0; 652
2; 709
2; 586
2; 712
0; 602
1; 680
3; 708
2; 645
2; 650
2; 543
3; 691
0; 579
3; 715
1; 680
0; 608
2; 712
1; 563
4; 765
3; 542
2; 654
3; 669
2; 707
2; 695
3; 749
2; 692
2; 690
1; 549
3; 688
4; 736
0; 639
4; 709
1; 713
0; 636
4; 710
1; 663
1; 564
0; 636
1; 700
5; 713
3; 728
2; 715
1; 673
1; 626
3; 571
1; 624
1; 706
2; 697
0; 645
1; 686
0; 647
4; 563
6; 728
0; 507
7; 781
0; 603
3; 711
2; 703
0; 619
2; 681
3; 709
2; 566
3; 700
0; 646
2; 692
1; 693
3; 690
2; 706
1; 668
2; 639
4; 550
2; 687
1; 689
3; 703
0; 524
5; 690
3; 734
2; 662
1; 557
4; 664
6; 719
2; 609
1; 683
2; 696
2; 703
4; 559
4; 723
2; 558
1; 629
0; 622
1; 694
1; 625
4; 693
1; 686
2; 664
3; 555
1; 666
3; 651
2; 665
1; 683
2; 680
1; 671
2; 648
7; 701
5; 576
3; 587
4; 700
2; 671
2; 691
3; 708
2; 683
0; 597
2; 542
1; 672
2; 691
4; 699
4; 731
1; 686
1; 663
4; 557
2; 662
1; 548
1; 602
3; 668
1; 683
1; 681
1; 680
0; 581
4; 711
1; 542
1; 633
4; 683
0; 628
1; 650
3; 682
2; 567
3; 625
0; 557
2; 564
2; 675
3; 668
2; 645
1; 673
4; 696
1; 651
1; 666
1; 541
4; 663
2; 668
2; 675
0; 604
3; 686
0; 566
1; 562
1; 636
3; 563
0; 577
2; 672
1; 603
0; 532
6; 767
2; 646
1; 678
1; 551
1; 639
1; 643
3; 739
2; 645
4; 639
2; 665
2; 599
1; 656
2; 555
4; 661
0; 620
4; 670
0; 580
2; 660
2; 596
1; 589
6; 576
3; 669
1; 652
3; 706
1; 618
2; 671
3; 680
1; 628
1; 612
3; 556
0; 586
1; 622
3; 584
4; 681
2; 655
1; 619
2; 560
2; 544
3; 617
2; 668
3; 669
2; 642
2; 679
1; 654
4; 698
1; 604
3; 560
2; 644
6; 697
2; 628
2; 667
5; 707
2; 644
3; 660
1; 549
1; 586
2; 642
1; 602
2; 657
1; 597
0; 557
2; 672
3; 548
3; 644
2; 665
3; 582
1; 585
1; 656
1; 657
5; 563
2; 642
2; 557
2; 643
1; 630
2; 610
2; 648
0; 622
2; 623
4; 635
0; 520
3; 622
2; 647
0; 585
3; 676
3; 683
1; 688
2; 604
0; 606
1; 570
3; 716
2; 694
0; 673
2; 650
2; 666
0; 612
1; 654
1; 569
1; 618
2; 686
2; 663
3; 682
2; 727
3; 751
2; 567
0; 524
2; 708
3; 653
4; 700
7; 811
4; 741
1; 649
4; 714
5; 586
4; 717
0; 598
4; 739
3; 723
2; 660
1; 680
2; 694
2; 672
6; 677
3; 721
2; 689
0; 640
2; 686
1; 694
2; 696
1; 616
1; 569
1; 683
5; 719
1; 702
2; 705
1; 644
2; 707
2; 602
5; 585
4; 718
2; 669
1; 690
2; 668
5; 743
0; 644
0; 596
5; 597
1; 688
4; 738
2; 651
1; 657
3; 665
1; 642
2; 655
0; 599
0; 498
1; 688
1; 610
1; 693
3; 721
0; 597
1; 673
1; 673
3; 550
1; 640
0; 648
0; 630
2; 642
2; 645
1; 655
1; 559
2; 625
1; 549
1; 667
0; 596
1; 669
3; 731
1; 675
3; 705
2; 596
0; 603
4; 606
3; 698
1; 650
3; 696
2; 643
3; 688
0; 611
2; 624
2; 558
2; 654
2; 659
4; 698
1; 647
4; 714
2; 640
0; 523
3; 567
1; 697
3; 726
2; 677
2; 654
1; 625
2; 675
1; 558
1; 654
1; 545
0; 634
0; 632
3; 679
3; 648
1; 682
3; 706
4; 611
5; 576
2; 705
2; 697
0; 591
2; 670
0; 635
5; 704
1; 612
2; 667
1; 549
1; 653
1; 669
3; 733
0; 625
2; 665
4; 727
5; 771
0; 634
1; 624
3; 690
1; 711
1; 662
4; 708
3; 698
3; 739
1; 552
1; 555
2; 672
2; 684
3; 726
2; 692
0; 632
0; 655
1; 646
2; 602
0; 518
2; 643
1; 648
1; 643
2; 668
4; 742
0; 644
2; 649
2; 554
3; 713
3; 681
4; 664
5; 707
1; 606
0; 497
1; 674
3; 687
2; 663
1; 668
4; 772
5; 685
3; 674
2; 563
5; 713
3; 634
2; 677
1; 697
0; 648
2; 702
4; 710
1; 635
1; 545
5; 694
2; 709
1; 654
4; 705
1; 646
0; 634
4; 728
4; 563
4; 696
3; 746
2; 693
1; 667
1; 710
4; 732
3; 686
2; 685
3; 561
4; 696
3; 712
2; 677
4; 771
1; 649
2; 695
4; 732
2; 546
1; 659
3; 718
1; 695
3; 697
0; 637
2; 700
1; 677
2; 639
5; 566
0; 648
6; 782
3; 694
6; 754
1; 689
0; 638
1; 645
1; 683
3; 636
3; 700
1; 687
0; 644
3; 703
2; 702
2; 719
2; 562
1; 549
2; 684
2; 698
1; 670
2; 726
1; 691
1; 661
3; 710
3; 656
1; 554
3; 719
2; 697
0; 637
4; 764
4; 709
3; 744
1; 686
4; 585
3; 718
3; 647
1; 711
3; 708
3; 698
1; 688
3; 714
1; 644
2; 563
1; 665
1; 688
2; 682
3; 711
0; 639
0; 608
3; 549
2; 552
1; 653
1; 648
7; 808
3; 729
3; 670
1; 677
4; 702
2; 710
1; 564
4; 702
2; 714
3; 706
4; 704
0; 608
1; 695
3; 637
3; 567
3; 694
3; 703
1; 688
2; 692
1; 706
1; 694
4; 721
2; 677
4; 576
2; 695
3; 710
4; 711
5; 796
3; 745
1; 662
1; 554
3; 545
1; 636
2; 666
2; 666
2; 687
0; 609
4; 708
1; 697
2; 662
1; 545
1; 660
2; 715
2; 683
2; 683
1; 692
3; 683
3; 696
2; 560
1; 678
4; 754
5; 704
0; 633
4; 750
2; 669
4; 761
3; 665
3; 564
0; 631
0; 635
2; 723
3; 754
1; 683
0; 653
2; 584
1; 633
1; 560
3; 721
4; 709
0; 619
6; 803
2; 715
2; 683
6; 690
3; 552
1; 678
3; 670
3; 717
1; 696
0; 645
1; 660
0; 632
5; 732
2; 550
0; 599
2; 697
2; 689
2; 689
1; 699
4; 764
3; 670
6; 574
2; 685
4; 718
2; 693
0; 631
0; 652
0; 598
3; 560
3; 749
2; 557
2; 682
3; 710
2; 677
3; 700
4; 759
1; 655
2; 667
1; 550
2; 607
6; 760
1; 641
4; 699
1; 611
2; 644
0; 643
2; 685
1; 544
3; 619
0; 590
0; 654
2; 703
1; 671
2; 692
3; 758
1; 551
2; 688
2; 717
0; 604
4; 710
2; 692
2; 712
1; 567
0; 571
2; 568
0; 611
1; 679
2; 694
1; 694
5; 730
2; 694
0; 596
4; 548
1; 655
0; 652
1; 691
1; 716
2; 725
3; 692
3; 729
2; 663
2; 552
2; 690
4; 760
1; 694
2; 646
2; 700
0; 649
5; 755
4; 643
1; 682
3; 647
2; 671
1; 701
4; 754
2; 687
1; 697
2; 614
2; 570
3; 738
1; 658
1; 688
1; 689
0; 635
2; 721
0; 629
0; 605
2; 568
1; 697
2; 719
0; 633
2; 700
1; 681
0; 649
5; 692
1; 564
2; 696
5; 715
3; 688
1; 683
1; 681
0; 609
4; 685
4; 705
2; 547
2; 611
2; 668
1; 702
3; 713
2; 684
2; 708
2; 583
2; 555
3; 677
2; 660
4; 702
1; 688
3; 714
3; 717
2; 701
1; 706
2; 549
3; 675
2; 712
3; 704
1; 709
3; 717
3; 686
2; 686
0; 505
0; 615
1; 537
4; 725
1; 651
0; 598
2; 704
2; 687
3; 684
3; 543
1; 692
1; 631
1; 683
1; 704
4; 717
3; 702
5; 584
5; 583
2; 635
5; 737
0; 629
2; 711
3; 651
1; 686
2; 707
2; 655
3; 567
6; 740
2; 707
0; 582
3; 729
1; 667
7; 821
4; 740
3; 566
1; 699
0; 600
3; 692
3; 695
2; 707
2; 694
2; 696
0; 611
1; 555
3; 703
3; 688
1; 687
5; 747
0; 613
2; 617
2; 647
3; 623
2; 596
0; 659
2; 715
1; 689
1; 692
1; 682
2; 686
2; 595
1; 660
3; 676
3; 756
5; 712
1; 687
1; 635
2; 613
2; 647
3; 683
4; 695
3; 726
2; 680
3; 676
0; 525
3; 742
2; 731
2; 652
4; 647
5; 817
2; 658
2; 633
2; 597
3; 709
2; 699
1; 713
3; 680
1; 683
1; 669
2; 601
2; 678
4; 682
2; 712
2; 697
1; 674
2; 656
4; 609
2; 694
3; 694
5; 787
1; 702
2; 706
1; 720
2; 672
2; 616
4; 758
3; 709
2; 689
4; 723
0; 614
1; 657
0; 568
1; 652
1; 652
2; 658
0; 567
0; 601
2; 535
5; 523
4; 518
0; 462
3; 518
1; 511
2; 515
1; 511
4; 520
0; 463
3; 515
3; 517
6; 527
1; 510
2; 515
0; 463
3; 517
5; 525
2; 514
2; 515
1; 511
1; 511
3; 516
5; 519
3; 517
2; 514
2; 514
4; 519
2; 515
2; 513
5; 519
3; 515
1; 511
2; 515
1; 511
2; 515
1; 512
2; 513
3; 516
2; 514
1; 511
1; 511
4; 521
1; 511
5; 523
1; 511
4; 515
3; 517
2; 515
2; 516
2; 516
1; 511
1; 511
3; 516
3; 517
0; 462
1; 512
1; 511
3; 515
5; 523
2; 514
4; 519
3; 516
2; 513
1; 511
5; 536
1; 512
2; 515
0; 463
0; 462
1; 511
1; 509
1; 510
1; 511
0; 463
2; 514
1; 511
1; 512
1; 510
2; 541
1; 659
4; 741
3; 586
1; 721
2; 517
3; 516
3; 516
2; 513
0; 461
2; 760
3; 571
1; 636
1; 752
2; 761
3; 720
0; 688
1; 624
1; 698
3; 637
3; 541
0; 666
2; 730
2; 727
1; 512
0; 463
1; 511
3; 673
5; 745
1; 702
1; 730
2; 532
1; 532
1; 533
0; 482
3; 541
4; 541
3; 537
4; 536
2; 535
1; 530
4; 540
0; 481
3; 537
1; 534
4; 535
1; 533
1; 528
5; 577
1; 533
2; 531
0; 484
4; 541
3; 599
1; 721
2; 724
3; 732
3; 732
0; 504
1; 593
3; 605
1; 600
2; 596
5; 756
1; 731
1; 535
1; 537
0; 497
2; 607
2; 601
2; 601
1; 611
1; 731
3; 730
6; 748
2; 559
0; 462
2; 514
1; 511
3; 517
1; 511
2; 555
2; 613
2; 624
1; 617
2; 627
2; 559
2; 565
0; 552
1; 647
0; 586
6; 603
1; 645
1; 591
3; 580
4; 751
1; 730
0; 480
3; 548
2; 636
1; 689
2; 723
4; 737
3; 730
1; 513
0; 463
3; 516
2; 513
5; 551
3; 515
2; 514
1; 509
2; 522
3; 726
2; 730
2; 727
0; 561
2; 604
2; 516
1; 727
0; 662
0; 668
3; 556
4; 630
3; 617
4; 625
2; 629
0; 543
2; 611
2; 617
5; 644
3; 650
3; 666
4; 637
2; 740
3; 744
1; 735
5; 526
6; 538
4; 524
0; 630
2; 727
1; 579
2; 727
1; 511
2; 538
1; 646
3; 686
5; 706
1; 562
0; 595
2; 564
1; 648
0; 646
2; 676
1; 641
1; 653
3; 694
0; 624
1; 583
3; 639
2; 724
1; 693
1; 697
2; 666
2; 704
3; 690
1; 654
2; 567
0; 631
5; 754
2; 689
1; 664
5; 751
1; 680
3; 686
3; 565
3; 729
1; 678
2; 682
4; 776
1; 680
1; 667
2; 592
1; 563
0; 512
3; 712
3; 728
0; 615
1; 702
2; 707
4; 734
4; 648
2; 554
3; 735
2; 640
5; 702
2; 693
2; 701
3; 680
2; 656
4; 686
4; 559
2; 685
5; 718
2; 688
2; 667
0; 647
1; 658
4; 742
1; 586
6; 680
2; 680
5; 757
0; 591
1; 695
2; 725
2; 669
1; 545
3; 558
2; 645
2; 656
2; 700
2; 667
1; 699
0; 646
1; 685
3; 758
3; 565
0; 622
1; 682
0; 641
0; 626
1; 704
1; 693
2; 690
1; 546
0; 654
0; 623
2; 687
4; 705
3; 693
2; 709
3; 704
1; 679
0; 502
1; 689
3; 703
0; 612
1; 680
0; 610
0; 613
1; 543
1; 686
4; 551
6; 742
3; 737
2; 678
1; 695
0; 641
1; 697
3; 679
2; 548
1; 677
1; 701
1; 691
1; 705
3; 747
3; 678
2; 685
4; 713
3; 547
7; 816
1; 686
0; 620
4; 727
3; 702
1; 660
1; 613
4; 576
2; 705
1; 688
3; 681
3; 712
3; 728
0; 637
5; 562
1; 657
2; 553
1; 686
0; 622
1; 710
0; 589
0; 638
4; 728
5; 664
1; 541
3; 615
3; 685
2; 676
4; 708
1; 684
2; 592
2; 643
2; 652
1; 553
3; 658
4; 708
5; 610
3; 714
3; 690
2; 724
2; 584
2; 555
2; 664
2; 688
5; 793
2; 687
1; 663
0; 619
0; 629
2; 549
2; 554
2; 683
3; 679
4; 707
0; 627
2; 693
3; 743
2; 595
3; 723
3; 570
0; 602
3; 619
1; 667
1; 670
2; 619
0; 613
1; 594
0; 511
2; 685
4; 679
1; 567
1; 686
4; 693
3; 710
6; 724
3; 719
2; 557
4; 692
3; 663
2; 642
1; 660
2; 696
3; 747
4; 560
3; 551
4; 718
2; 654
1; 682
3; 716
1; 657
3; 675
1; 670
3; 720
1; 545
2; 643
4; 708
5; 715
2; 648
3; 666
4; 704
1; 664
1; 566
4; 679
4; 713
4; 663
3; 673
2; 635
2; 673
5; 696
1; 671
1; 565
2; 700
1; 694
2; 676
0; 639
2; 618
1; 640
0; 495
1; 546
6; 726
2; 663
3; 701
2; 701
1; 652
0; 635
1; 593
6; 698
4; 558
2; 704
1; 678
1; 651
5; 786
5; 765
1; 679
2; 678
5; 563
2; 703
4; 748
2; 674
3; 738
2; 706
1; 688
1; 668
0; 596
0; 501
1; 655
1; 673
0; 632
2; 707
3; 710
1; 706
0; 491
1; 607
5; 705
2; 679
1; 667
2; 675
4; 718
3; 699
4; 733
6; 707
1; 566
1; 614
2; 668
2; 722
3; 754
1; 675
5; 782
2; 586
3; 552
2; 659
0; 634
0; 632
2; 672
3; 696
3; 725
2; 692
4; 661
3; 551
3; 739
2; 698
2; 721
1; 681
1; 708
1; 637
0; 508
4; 712
1; 551
1; 671
2; 711
3; 721
2; 662
0; 618
0; 632
3; 610
1; 556
2; 681
2; 675
1; 661
2; 703
1; 687
1; 671
5; 716
2; 641
1; 557
1; 623
1; 693
1; 651
2; 694
0; 583
2; 695
2; 707
2; 559
2; 690
1; 656
1; 668
3; 678
3; 674
3; 711
3; 692
3; 706
4; 558
1; 679
3; 737
1; 682
3; 705
0; 633
1; 685
2; 704
3; 560
2; 616
2; 706
2; 678
4; 722
4; 735
5; 727
1; 709
1; 615
3; 547
1; 628
2; 705
0; 609
1; 676
2; 667
3; 697
5; 785
3; 687
3; 566
4; 714
2; 693
0; 656
0; 645
2; 678
3; 754
2; 563
1; 558
1; 691
5; 710
5; 691
0; 646
1; 689
2; 672
1; 639
1; 621
1; 549
2; 621
5; 710
1; 651
1; 624
5; 706
3; 682
2; 680
0; 505
2; 640
0; 630
3; 681
0; 610
2; 696
3; 725
4; 691
4; 648
0; 502
4; 743
2; 691
1; 700
0; 633
3; 705
2; 628
5; 571
2; 547
3; 652
0; 581
4; 710
5; 583
1; 673
0; 588
3; 584
4; 571
0; 623
3; 668
2; 673
1; 688
1; 687
1; 658
2; 684
2; 702
5; 553
0; 624
1; 676
1; 691
3; 682
1; 694
4; 602
1; 662
1; 544
4; 725
3; 601
3; 694
2; 685
1; 683
2; 649
2; 552
2; 696
0; 505
1; 664
6; 812
3; 708
3; 701
0; 505
4; 753
3; 681
2; 561
1; 666
1; 679
2; 642
1; 673
2; 703
2; 680
0; 637
4; 701
3; 565
1; 651
3; 744
2; 704
1; 685
0; 601
3; 689
2; 698
1; 633
3; 557
1; 661
0; 626
0; 631
0; 648
2; 704
3; 703
4; 559
2; 560
5; 794
6; 758
1; 679
2; 726
3; 742
2; 675
0; 463
2; 513
1; 510
2; 514
1; 511
2; 515
2; 532
1; 510
1; 511
4; 519
3; 658
0; 482
1; 511
2; 515
2; 515
2; 514
0; 464
0; 462
0; 464
3; 517
5; 545
6; 539
1; 510
0; 462
3; 516
0; 463
4; 516
0; 463
0; 462
2; 513
1; 511
4; 526
3; 516
0; 463
2; 516
2; 514
2; 516
2; 513
3; 516
2; 514
1; 511
4; 518
4; 517
5; 521
5; 531
3; 532
1; 529
2; 528
1; 527
2; 530
1; 528
1; 529
2; 527
4; 533
5; 570
2; 528
6; 538
0; 480
1; 526
2; 530
0; 478
3; 526
0; 480
5; 535
5; 560
2; 530
4; 528
3; 530
3; 529
1; 530
3; 527
4; 541
2; 529
0; 478
3; 529
0; 478
2; 528
3; 528
1; 528
2; 528
2; 528
3; 530
2; 526
2; 529
2; 526
1; 528
4; 531
1; 526
3; 528
5; 535
2; 526
3; 528
1; 527
2; 527
2; 530
4; 531
2; 529
1; 529
6; 542
3; 527
3; 529
2; 527
2; 529
4; 531
2; 529
2; 528
3; 527
2; 527
1; 528
3; 529
3; 527
1; 528
2; 526
7; 570
3; 528
0; 477
2; 528
0; 481
2; 529
2; 529
2; 527
0; 479
2; 528
3; 532
4; 532
0; 476
4; 531
1; 528
1; 527
2; 526
2; 528
1; 528
1; 527
3; 528
2; 526
1; 528
0; 479
2; 529
4; 535
2; 529
2; 527
4; 533
1; 527
1; 527
1; 524
2; 531
3; 530
1; 529
2; 528
2; 527
1; 528
6; 540
1; 529
5; 557
1; 528
3; 528
1; 528
1; 527
5; 535
3; 527
3; 528
1; 527
0; 481
1; 531
0; 483
2; 532
3; 536
3; 534
3; 530
1; 533
1; 528
2; 531
2; 531
2; 532
0; 482
0; 480
3; 531
3; 532
1; 529
2; 551
5; 539
1; 534
1; 530
2; 529
1; 532
2; 531
0; 479
1; 528
2; 532
2; 530
4; 533
1; 529
3; 531
3; 533
0; 481
2; 534
2; 534
4; 534
1; 534
1; 531
0; 482
4; 554
2; 531
1; 529
1; 531
1; 529
3; 529
1; 531
2; 530
1; 529
2; 532
4; 536
3; 533
4; 535
2; 532
2; 532
2; 534
3; 531
0; 481
1; 530
2; 531
2; 532
2; 534
1; 531
2; 530
1; 535
3; 533
1; 531
1; 531
3; 531
3; 534
0; 481
3; 532
5; 545
1; 531
3; 532
5; 565
1; 531
2; 532
3; 534
1; 529
2; 532
4; 535
3; 534
1; 530
3; 531
5; 537
2; 532
3; 531
0; 484
3; 531
0; 482
3; 531
0; 481
2; 531
3; 531
4; 533
1; 529
3; 531
4; 535
2; 531
1; 531
1; 530
0; 482
3; 530
5; 559
1; 530
5; 536
2; 530
3; 536
1; 531
2; 532
2; 540
1; 531
1; 533
1; 531
2; 531
2; 530
2; 533
2; 531
0; 483
0; 481
3; 536
1; 531
1; 532
2; 533
1; 530
2; 531
4; 533
2; 530
2; 529
1; 530
1; 530
2; 534
1; 529
2; 532
1; 531
4; 538
0; 481
0; 482
1; 529
2; 530
2; 532
3; 534
2; 531
2; 530
2; 531
1; 530
2; 530
4; 533
2; 531
3; 532
1; 530
1; 531
2; 529
0; 479
2; 530
2; 539
4; 532
2; 531
3; 518
0; 462
3; 516
2; 513
2; 514
4; 517
1; 511
3; 515
2; 514
4; 519
4; 521
3; 517
1; 511
0; 463
2; 514
0; 464
2; 514
4; 516
1; 510
2; 514
1; 511
3; 515
4; 517
5; 519
3; 516
2; 515
2; 514
3; 522
4; 517
1; 511
2; 514
1; 511
2; 515
1; 510
5; 525
3; 515
3; 516
6; 535
2; 514
2; 514
0; 462
2; 515
2; 514
3; 516
5; 546
3; 516
6; 529
5; 523
2; 514
1; 510
4; 517
3; 515
6; 531
2; 515
1; 511
1; 511
2; 514
0; 463
0; 463
1; 511
2; 516
4; 519
3; 516
2; 515
0; 461
1; 511
0; 463
1; 511
2; 515
1; 510
1; 511
1; 510
0; 462
6; 530
2; 514
0; 463
1; 510
1; 511
2; 515
1; 511
2; 513
2; 515
3; 517
4; 518
1; 510
1; 511
0; 463
5; 526
0; 462
1; 511
0; 462
4; 519
2; 514
3; 518
3; 516
3; 516
1; 511
1; 510
3; 517
5; 543
2; 515
2; 514
2; 514
0; 462
2; 513
0; 462
0; 461
1; 511
1; 510
1; 511
4; 517
1; 511
1; 512
1; 511
0; 462
1; 511
2; 515
3; 517
4; 517
3; 516
2; 515
1; 511
3; 515
2; 514
4; 521
4; 517
3; 516
1; 509
2; 514
1; 510
2; 515
0; 462
0; 463
3; 517
2; 513
1; 511
1; 511
1; 511
1; 511
2; 513
1; 512
0; 462
3; 516
2; 514
3; 517
2; 514
1; 510
3; 517
0; 462
6; 535
1; 511
3; 517
1; 510
0; 461
0; 462
0; 463
2; 514
3; 516
0; 461
2; 516
2; 512
7; 571
1; 511
2; 515
5; 520
3; 516
1; 511
2; 513
0; 463
2; 514
1; 511
2; 515
2; 516
1; 510
0; 461
0; 462
1; 511
1; 511
0; 461
4; 517
1; 512
3; 535
3; 517
2; 530
3; 517
1; 510
3; 516
0; 463
3; 516
1; 511
2; 514
2; 515
2; 515
0; 463
0; 463
1; 512
3; 517
1; 511
3; 516
2; 515
0; 463
3; 519
1; 511
5; 520
0; 462
0; 463
0; 463
2; 515
3; 517
2; 515
1; 511
2; 515
3; 517
1; 512
0; 462
2; 514
1; 512
3; 516
0; 463
0; 463
4; 518
4; 545
0; 499
2; 625
1; 567
6; 578
1; 588
2; 562
0; 548
2; 570
1; 512
4; 518
6; 529
4; 517
4; 517
5; 545
2; 516
2; 515
0; 463
1; 511
2; 517
2; 514
2; 515
1; 511
4; 522
2; 515
3; 517
1; 511
2; 515
4; 519
1; 511
3; 516
0; 463
1; 511
1; 511
0; 461
2; 513
3; 515
2; 515
1; 511
3; 516
4; 533
0; 463
2; 514
1; 510
1; 511
2; 515
2; 515
3; 515
3; 516
1; 510
1; 511
4; 519
0; 463
5; 525
2; 514
3; 516
1; 510
6; 549
0; 462
2; 514
2; 515
2; 515
4; 526
1; 511
1; 511
2; 515
1; 511
3; 515
4; 527
4; 521
1; 511
4; 518
2; 513
3; 519
1; 510
2; 515
2; 513
3; 515
4; 525
1; 512
4; 519
2; 515
2; 515
3; 515
0; 462
2; 518
6; 557
1; 513
3; 516
1; 511
1; 510
2; 514
0; 463
1; 510
2; 515
1; 510
1; 511
0; 463
3; 517
1; 511
2; 514
2; 515
2; 515
1; 511
2; 515
2; 514
1; 511
0; 462
1; 510
3; 516
2; 514
0; 462
2; 516
4; 527
2; 515
3; 515
1; 510
4; 517
1; 511
1; 511
4; 517
2; 515
1; 511
1; 511
0; 462
4; 518
1; 511
0; 462
2; 515
3; 516
0; 465
3; 516
1; 511
2; 515
2; 516
4; 517
4; 519
3; 526
4; 520
2; 515
4; 517
1; 511
2; 515
0; 463
4; 516
3; 517
2; 515
1; 511
2; 514
0; 462
3; 516
2; 515
4; 515
1; 512
1; 512
1; 511
4; 531
3; 516
3; 515
2; 515
2; 514
3; 523
1; 512
4; 517
1; 511
2; 515
2; 513
0; 462
2; 514
2; 516
2; 515
0; 463
4; 517
2; 514
2; 515
2; 515
3; 516
4; 521
1; 511
3; 514
6; 536
1; 511
1; 511
1; 511
2; 514
1; 511
2; 513
1; 511
0; 461
2; 513
1; 511
0; 463
6; 519
1; 511
3; 517
3; 518
4; 519
2; 516
2; 516
0; 461
1; 511
5; 518
2; 514
3; 515
1; 511
1; 511
2; 514
2; 514
3; 517
5; 524
2; 521
2; 514
1; 511
1; 510
2; 513
1; 510
2; 514
2; 513
0; 463
1; 511
2; 514
3; 517
3; 517
2; 513
1; 511
3; 516
3; 519
1; 511
5; 523
4; 518
1; 511
2; 513
4; 521
2; 514
0; 462
3; 516
0; 461
4; 517
2; 514
2; 515
2; 515
3; 514
2; 514
3; 516
1; 511
4; 526
3; 517
1; 511
2; 515
4; 518
1; 511
2; 514
3; 515
1; 510
2; 515
1; 511
1; 510
2; 514
1; 511
1; 511
1; 511
1; 511
3; 515
4; 531
0; 478
2; 544
1; 513
1; 511
1; 512
3; 517
4; 518
3; 515
3; 516
3; 517
1; 516
2; 526
3; 516
3; 517
2; 540
4; 558
4; 563
1; 537
5; 577
2; 542
0; 485
4; 551
1; 539
4; 542
1; 528
2; 529
1; 532
1; 538
0; 484
5; 539
1; 511
2; 514
0; 462
4; 517
2; 515
4; 519
0; 462
3; 517
2; 515
3; 517
2; 515
1; 511
4; 517
2; 513
1; 511
2; 513
1; 510
2; 513
2; 515
2; 513
2; 513
1; 510
2; 515
0; 461
0; 462
4; 519
3; 516
0; 461
1; 511
5; 527
0; 462
1; 511
5; 538
4; 525
3; 517
2; 515
3; 515
5; 522
3; 517
5; 524
4; 533
1; 510
5; 525
0; 462
1; 511
3; 515
0; 462
5; 519
3; 515
3; 517
0; 462
2; 513
3; 517
2; 514
1; 511
2; 515
2; 513
1; 511
0; 463
4; 517
2; 515
3; 517
1; 511
3; 516
4; 517
4; 520
2; 514
2; 514
2; 514
1; 511
4; 520
3; 515
2; 515
2; 514
3; 515
1; 509
7; 542
5; 523
1; 511
2; 514
1; 510
2; 514
2; 528
1; 511
0; 462
3; 516
5; 524
3; 517
3; 515
1; 510
1; 511
0; 462
0; 462
1; 511
1; 510
4; 519
1; 511
4; 527
2; 514
1; 511
3; 516
1; 510
2; 514
3; 526
3; 516
1; 511
5; 519
1; 511
3; 516
1; 510
3; 515
4; 518
3; 517
1; 511
4; 518
2; 514
3; 517
1; 511
2; 514
2; 514
1; 511
3; 517
0; 461
3; 515
1; 512
1; 510
4; 519
1; 511
2; 515
2; 515
1; 511
1; 511
1; 511
3; 517
3; 522
3; 517
2; 515
3; 517
1; 511
1; 512
1; 510
0; 463
1; 511
4; 516
0; 462
2; 514
1; 510
3; 515
2; 514
0; 461
4; 517
2; 514
1; 511
2; 515
2; 514
1; 512
3; 515
1; 511
2; 514
2; 514
0; 462
2; 515
0; 462
2; 516
1; 511
2; 514
1; 510
0; 461
0; 461
3; 517
0; 461
2; 515
5; 519
0; 463
4; 517
1; 512
1; 510
3; 514
2; 513
3; 515
4; 520
1; 511
2; 514
2; 516
4; 517
3; 517
4; 531
1; 510
1; 511
4; 517
2; 516
4; 519
0; 462
1; 510
1; 510
4; 516
1; 510
1; 512
2; 513
3; 515
1; 511
2; 513
0; 462
3; 516
2; 514
0; 462
4; 517
3; 516
1; 511
2; 515
1; 511
0; 462
2; 515
3; 523
0; 462
4; 525
3; 517
3; 517
5; 525
3; 516
1; 511
0; 462
4; 518
2; 516
3; 516
1; 512
5; 540
2; 515
4; 516
2; 515
0; 462
2; 515
2; 515
1; 510
1; 510
0; 462
0; 462
2; 515
2; 517
0; 462
4; 517
3; 515
3; 516
0; 461
3; 523
3; 514
3; 515
0; 462
0; 462
2; 514
3; 515
3; 517
1; 511
2; 514
2; 515
1; 510
2; 514
2; 515
1; 510
3; 516
5; 520
2; 515
3; 517
3; 516
3; 516
4; 517
0; 461
3; 516
5; 523
5; 537
3; 515
2; 516
3; 517
2; 515
1; 511
2; 514
1; 511
2; 514
1; 511
0; 463
3; 516
2; 514
5; 526
1; 512
0; 462
3; 516
4; 517
2; 513
3; 516
2; 513
4; 521
0; 462
2; 514
0; 461
1; 511
1; 510
1; 512
1; 511
2; 515
3; 516
2; 516
1; 511
0; 462
1; 511
1; 511
1; 511
2; 516
2; 538
1; 512
2; 513
3; 517
1; 511
3; 519
2; 514
3; 516
2; 513
1; 511
3; 516
4; 517
2; 516
2; 513
1; 511
4; 520
0; 462
2; 515
3; 516
0; 463
2; 514
3; 517
6; 538
3; 516
3; 515
6; 540
2; 514
2; 515
3; 521
1; 511
2; 515
1; 511
0; 462
1; 510
0; 461
1; 510
4; 517
3; 515
4; 517
3; 516
1; 511
2; 515
1; 511
3; 516
0; 461
0; 462
1; 511
0; 464
1; 510
1; 511
2; 514
2; 517
3; 515
2; 513
3; 517
4; 525
1; 510
0; 462
0; 463
1; 511
0; 462
4; 519
0; 463
2; 515
1; 511
1; 510
2; 514
2; 514
1; 511
1; 509
1; 511
0; 461
2; 522
0; 461
2; 515
1; 511
2; 515
2; 515
1; 512
0; 462
3; 516
3; 522
4; 533
1; 510
2; 516
1; 511
2; 515
3; 516
1; 511
0; 462
3; 514
2; 515
3; 516
4; 518
2; 513
1; 510
1; 510
1; 511
6; 549
1; 511
1; 512
1; 511
0; 461
0; 463
2; 513
4; 517
0; 464
2; 515
1; 511
0; 461
1; 510
3; 517
4; 518
3; 519
2; 515
1; 511
0; 463
3; 516
2; 515
3; 516
1; 511
3; 516
3; 516
0; 462
1; 511
5; 531
4; 522
2; 531
3; 516
2; 513
2; 515
1; 511
2; 514
0; 461
1; 510
3; 515
4; 518
2; 513
3; 516
2; 513
3; 516
5; 519
2; 515
3; 516
4; 519
3; 515
1; 511
1; 511
2; 515
1; 512
1; 510
3; 516
1; 509
4; 517
1; 511
6; 547
3; 517
2; 513
1; 511
3; 516
2; 514
2; 514
2; 516
1; 511
3; 515
1; 511
1; 511
3; 516
2; 514
3; 516
2; 515
4; 516
1; 511
3; 515
2; 515
2; 514
3; 516
0; 461
2; 516
1; 510
4; 518
3; 517
2; 515
2; 515
1; 511
4; 517
1; 510
0; 462
0; 463
2; 514
4; 517
1; 510
1; 511
1; 512
0; 463
4; 517
0; 463
2; 515
2; 514
3; 517
3; 515
4; 539
3; 516
0; 461
1; 510
1; 511
1; 511
1; 511
2; 515
1; 511
1; 511
2; 516
1; 511
2; 515
3; 516
1; 511
3; 516
2; 514
2; 516
7; 555
2; 516
0; 463
1; 511
0; 462
1; 510
0; 461
1; 510
3; 517
1; 511
3; 517
3; 515
1; 511
4; 516
2; 513
2; 514
0; 463
3; 515
3; 515
1; 511
2; 515
2; 515
5; 543
3; 516
0; 463
1; 511
2; 513
3; 516
4; 516
1; 511
3; 514
1; 511
2; 513
3; 516
1; 511
1; 511
2; 515
2; 514
3; 516
2; 515
3; 516
4; 517
0; 461
1; 511
0; 461
1; 511
5; 537
3; 515
2; 513
0; 463
1; 509
3; 516
1; 511
2; 514
2; 513
2; 514
1; 511
0; 464
2; 515
2; 514
6; 528
2; 515
1; 511
0; 462
3; 514
3; 517
6; 524
1; 511
0; 462
1; 511
0; 462
1; 511
2; 513
5; 526
1; 511
0; 462
1; 510
2; 515
1; 511
0; 462
3; 517
2; 513
1; 511
4; 526
0; 462
0; 463
1; 511
